"","clu","aic","bic"
"1",1,-311.867497864208,-284.334538963854
"2",2,-586.503505280996,-531.437587480288
"3",3,-660.084452633267,-577.485575932204
"4",4,-679.248028967799,-569.116193366382
"5",5,-699.613868603907,-561.949074102136
"6",6,-698.35437674425,-533.156623342124
"7",7,-698.695745580415,-505.965033277935
